{"mean": 0.9400000000000001, "max": 1.4000000000000001, "min": 0.46}