{"mean": 0.9400000000000001, "max": 1.53, "min": 0.35000000000000003}