{"Abruzzo": 1.08, "Basilicata": 2.65, "Calabria": 0.53, "Campania": 1.33, "Emilia-Romagna": 1.16, "Friuli Venezia Giulia": 0.6900000000000001, "Lazio": 0.89, "Liguria": 1.04, "Lombardia": 0.93, "Marche": 0.55, "Molise": 1.36, "P.A. Bolzano": 0.52, "P.A. Trento": 2.14, "Piemonte": 0.81, "Puglia": 0.6900000000000001, "Sardegna": 0.56, "Sicilia": 0.93, "Toscana": 0.56, "Umbria": 0.7000000000000001, "Valle d'Aosta": 0.58, "Veneto": 1.0}