{"Abruzzo": 1.1400000000000001, "Basilicata": 0.5700000000000001, "Calabria": 0.51, "Campania": 0.73, "Emilia-Romagna": 1.23, "Friuli Venezia Giulia": 1.1300000000000001, "Lazio": 1.29, "Liguria": 0.46, "Lombardia": 1.08, "Marche": 0.52, "Molise": 0.52, "P.A. Bolzano": 0.54, "P.A. Trento": 0.38, "Piemonte": 0.7000000000000001, "Puglia": 0.5700000000000001, "Sardegna": 0.55, "Sicilia": 0.8200000000000001, "Toscana": 0.91, "Umbria": 0.7000000000000001, "Valle d'Aosta": 0.55, "Veneto": 0.97}