{"Abruzzo": 2.22, "Basilicata": 1.72, "Calabria": 0.8200000000000001, "Campania": 0.65, "Emilia-Romagna": 1.22, "Friuli Venezia Giulia": 0.9500000000000001, "Lazio": 0.81, "Liguria": 0.75, "Lombardia": 1.56, "Marche": 1.49, "Molise": 0.56, "P.A. Bolzano": 1.09, "P.A. Trento": 0.56, "Piemonte": 1.58, "Puglia": 1.26, "Sardegna": 0.84, "Sicilia": 1.6500000000000001, "Toscana": 1.16, "Umbria": 1.04, "Valle d'Aosta": 0.65, "Veneto": 2.04}