{"Abruzzo": 0.44, "Basilicata": 0.7000000000000001, "Calabria": 0.63, "Campania": 1.37, "Emilia-Romagna": 0.7000000000000001, "Friuli Venezia Giulia": 1.03, "Lazio": 1.33, "Liguria": 1.02, "Lombardia": 0.46, "Marche": 0.78, "Molise": 0.81, "P.A. Bolzano": 0.59, "P.A. Trento": 0.51, "Piemonte": 0.99, "Puglia": 0.8200000000000001, "Sardegna": 1.31, "Sicilia": 0.47000000000000003, "Toscana": 1.1, "Umbria": 0.9400000000000001, "Valle d'Aosta": 0.52, "Veneto": 0.63}