{"Abruzzo": 0.68, "Basilicata": 0.5700000000000001, "Calabria": 0.51, "Campania": 1.46, "Emilia-Romagna": 1.18, "Friuli Venezia Giulia": 0.5700000000000001, "Lazio": 1.26, "Liguria": 0.52, "Lombardia": 1.04, "Marche": 0.47000000000000003, "Molise": 0.52, "P.A. Bolzano": 0.55, "P.A. Trento": 0.37, "Piemonte": 0.58, "Puglia": 0.52, "Sardegna": 0.55, "Sicilia": 0.52, "Toscana": 0.88, "Umbria": 0.49, "Valle d'Aosta": 0.55, "Veneto": 0.49}