{"Abruzzo": 1.95, "Basilicata": 1.46, "Calabria": 0.8200000000000001, "Campania": 0.6, "Emilia-Romagna": 1.11, "Friuli Venezia Giulia": 0.93, "Lazio": 0.9500000000000001, "Liguria": 0.66, "Lombardia": 1.3, "Marche": 1.24, "Molise": 0.5, "P.A. Bolzano": 0.9, "P.A. Trento": 0.56, "Piemonte": 1.6500000000000001, "Puglia": 1.1400000000000001, "Sardegna": 0.64, "Sicilia": 1.61, "Toscana": 1.32, "Umbria": 1.41, "Valle d'Aosta": 0.66, "Veneto": 1.85}