{"Abruzzo": 1.11, "Basilicata": 0.5700000000000001, "Calabria": 0.51, "Campania": 0.59, "Emilia-Romagna": 1.1500000000000001, "Friuli Venezia Giulia": 0.91, "Lazio": 1.24, "Liguria": 0.58, "Lombardia": 1.0, "Marche": 0.53, "Molise": 0.52, "P.A. Bolzano": 0.64, "P.A. Trento": 0.38, "Piemonte": 0.79, "Puglia": 0.58, "Sardegna": 0.55, "Sicilia": 0.61, "Toscana": 1.02, "Umbria": 0.5700000000000001, "Valle d'Aosta": 0.55, "Veneto": 0.81}