{"Abruzzo": 1.28, "Basilicata": 0.66, "Calabria": 0.54, "Campania": 1.19, "Emilia-Romagna": 1.05, "Friuli Venezia Giulia": 0.59, "Lazio": 1.5, "Liguria": 0.66, "Lombardia": 0.55, "Marche": 1.03, "Molise": 0.51, "P.A. Bolzano": 0.5700000000000001, "P.A. Trento": 0.52, "Piemonte": 1.4000000000000001, "Puglia": 1.37, "Sardegna": 0.63, "Sicilia": 1.5, "Toscana": 1.61, "Umbria": 1.43, "Valle d'Aosta": 0.55, "Veneto": 0.8300000000000001}