{"Abruzzo": 1.06, "Basilicata": 0.58, "Calabria": 0.91, "Campania": 1.6500000000000001, "Emilia-Romagna": 1.34, "Friuli Venezia Giulia": 1.79, "Lazio": 1.93, "Liguria": 1.19, "Lombardia": 1.9000000000000001, "Marche": 1.04, "Molise": 1.19, "P.A. Bolzano": 1.29, "P.A. Trento": 0.72, "Piemonte": 1.34, "Puglia": 1.48, "Sardegna": 2.24, "Sicilia": 1.1500000000000001, "Toscana": 1.8, "Umbria": 1.86, "Valle d'Aosta": 0.54, "Veneto": 1.53}