{"Abruzzo": 0.8, "Basilicata": 0.49, "Calabria": 0.45, "Campania": 1.1400000000000001, "Emilia-Romagna": 0.98, "Friuli Venezia Giulia": 0.55, "Lazio": 0.84, "Liguria": 1.01, "Lombardia": 0.85, "Marche": 0.85, "Molise": 0.89, "P.A. Bolzano": 0.96, "P.A. Trento": 0.51, "Piemonte": 0.84, "Puglia": 0.9400000000000001, "Sardegna": 0.55, "Sicilia": 1.3, "Toscana": 1.1400000000000001, "Umbria": 0.49, "Valle d'Aosta": 0.58, "Veneto": 0.64}