{"Abruzzo": 1.11, "Basilicata": 0.7000000000000001, "Calabria": 1.68, "Campania": 1.47, "Emilia-Romagna": 1.32, "Friuli Venezia Giulia": 1.44, "Lazio": 1.57, "Liguria": 1.8, "Lombardia": 1.29, "Marche": 1.52, "Molise": 0.62, "P.A. Bolzano": 0.76, "P.A. Trento": 0.49, "Piemonte": 1.21, "Puglia": 1.21, "Sardegna": 1.04, "Sicilia": 1.1500000000000001, "Toscana": 1.3800000000000001, "Umbria": 1.45, "Valle d'Aosta": 0.51, "Veneto": 1.67}