{"Abruzzo": 0.5, "Basilicata": 0.59, "Calabria": 1.1500000000000001, "Campania": 1.25, "Emilia-Romagna": 1.24, "Friuli Venezia Giulia": 0.75, "Lazio": 0.76, "Liguria": 1.1400000000000001, "Lombardia": 0.9500000000000001, "Marche": 0.63, "Molise": 0.55, "P.A. Bolzano": 0.5700000000000001, "P.A. Trento": 0.45, "Piemonte": 0.49, "Puglia": 0.71, "Sardegna": 0.55, "Sicilia": 1.2, "Toscana": 0.7000000000000001, "Umbria": 0.68, "Valle d'Aosta": 0.5700000000000001, "Veneto": 1.94}