{"Abruzzo": 0.51, "Basilicata": 0.59, "Calabria": 0.9400000000000001, "Campania": 1.21, "Emilia-Romagna": 1.3, "Friuli Venezia Giulia": 0.74, "Lazio": 0.76, "Liguria": 1.6400000000000001, "Lombardia": 0.66, "Marche": 0.63, "Molise": 0.55, "P.A. Bolzano": 0.5700000000000001, "P.A. Trento": 0.46, "Piemonte": 0.46, "Puglia": 1.1400000000000001, "Sardegna": 0.55, "Sicilia": 1.02, "Toscana": 1.08, "Umbria": 0.56, "Valle d'Aosta": 0.5700000000000001, "Veneto": 1.8900000000000001}