{"Abruzzo": 0.64, "Basilicata": 0.47000000000000003, "Calabria": 0.49, "Campania": 1.18, "Emilia-Romagna": 1.26, "Friuli Venezia Giulia": 0.86, "Lazio": 1.04, "Liguria": 0.47000000000000003, "Lombardia": 1.21, "Marche": 0.86, "Molise": 0.93, "P.A. Bolzano": 0.98, "P.A. Trento": 1.09, "Piemonte": 1.1400000000000001, "Puglia": 1.3, "Sardegna": 0.67, "Sicilia": 1.55, "Toscana": 1.18, "Umbria": 0.56, "Valle d'Aosta": 0.58, "Veneto": 0.78}