{"Abruzzo": 0.6900000000000001, "Basilicata": 0.61, "Calabria": 0.46, "Campania": 0.8200000000000001, "Emilia-Romagna": 0.81, "Friuli Venezia Giulia": 0.71, "Lazio": 0.52, "Liguria": 1.45, "Lombardia": 0.44, "Marche": 0.55, "Molise": 0.55, "P.A. Bolzano": 0.51, "P.A. Trento": 0.58, "Piemonte": 0.46, "Puglia": 0.5700000000000001, "Sardegna": 0.49, "Sicilia": 0.51, "Toscana": 0.79, "Umbria": 0.5700000000000001, "Valle d'Aosta": 0.58, "Veneto": 1.31}