{"Abruzzo": 0.34, "Basilicata": 0.42, "Calabria": 0.4, "Campania": 0.51, "Emilia-Romagna": 0.73, "Friuli Venezia Giulia": 0.44, "Lazio": 0.37, "Liguria": 0.38, "Lombardia": 1.12, "Marche": 0.37, "Molise": 0.41000000000000003, "P.A. Bolzano": 0.41000000000000003, "P.A. Trento": 0.36, "Piemonte": 0.81, "Puglia": 0.39, "Sardegna": 0.4, "Sicilia": 0.4, "Toscana": 0.37, "Umbria": 0.41000000000000003, "Valle d'Aosta": 0.43, "Veneto": 0.41000000000000003}