{"Abruzzo": 0.49, "Basilicata": 0.45, "Calabria": 0.97, "Campania": 1.55, "Emilia-Romagna": 0.62, "Friuli Venezia Giulia": 0.71, "Lazio": 1.37, "Liguria": 1.3800000000000001, "Lombardia": 1.0, "Marche": 0.99, "Molise": 0.52, "P.A. Bolzano": 0.53, "P.A. Trento": 0.48, "Piemonte": 1.33, "Puglia": 1.77, "Sardegna": 1.3800000000000001, "Sicilia": 1.72, "Toscana": 1.36, "Umbria": 0.8200000000000001, "Valle d'Aosta": 0.49, "Veneto": 0.7000000000000001}