{"Abruzzo": 0.6900000000000001, "Basilicata": 0.6, "Calabria": 0.51, "Campania": 1.07, "Emilia-Romagna": 1.2, "Friuli Venezia Giulia": 0.72, "Lazio": 0.77, "Liguria": 1.6400000000000001, "Lombardia": 0.6, "Marche": 0.55, "Molise": 0.55, "P.A. Bolzano": 0.5, "P.A. Trento": 0.51, "Piemonte": 0.41000000000000003, "Puglia": 0.7000000000000001, "Sardegna": 0.55, "Sicilia": 0.6, "Toscana": 0.68, "Umbria": 0.5700000000000001, "Valle d'Aosta": 0.5700000000000001, "Veneto": 1.71}