{"Abruzzo": 1.05, "Basilicata": 1.97, "Calabria": 0.54, "Campania": 1.1300000000000001, "Emilia-Romagna": 1.33, "Friuli Venezia Giulia": 0.6900000000000001, "Lazio": 1.03, "Liguria": 0.8, "Lombardia": 0.9400000000000001, "Marche": 0.55, "Molise": 1.3, "P.A. Bolzano": 0.53, "P.A. Trento": 2.08, "Piemonte": 0.91, "Puglia": 1.43, "Sardegna": 0.68, "Sicilia": 1.08, "Toscana": 0.76, "Umbria": 0.6900000000000001, "Valle d'Aosta": 0.58, "Veneto": 0.9500000000000001}