{"Abruzzo": 0.56, "Basilicata": 0.58, "Calabria": 0.62, "Campania": 0.58, "Emilia-Romagna": 0.56, "Friuli Venezia Giulia": 0.61, "Lazio": 0.74, "Liguria": 0.76, "Lombardia": 0.63, "Marche": 0.53, "Molise": 0.54, "P.A. Bolzano": 0.5700000000000001, "P.A. Trento": 0.44, "Piemonte": 0.46, "Puglia": 0.5, "Sardegna": 0.54, "Sicilia": 1.79, "Toscana": 0.99, "Umbria": 0.55, "Valle d'Aosta": 0.5700000000000001, "Veneto": 1.6300000000000001}