{"Abruzzo": 0.54, "Basilicata": 0.5, "Calabria": 0.97, "Campania": 1.47, "Emilia-Romagna": 1.09, "Friuli Venezia Giulia": 0.9500000000000001, "Lazio": 1.54, "Liguria": 0.9400000000000001, "Lombardia": 0.71, "Marche": 0.8200000000000001, "Molise": 0.47000000000000003, "P.A. Bolzano": 0.88, "P.A. Trento": 0.5, "Piemonte": 1.05, "Puglia": 0.67, "Sardegna": 0.81, "Sicilia": 0.8, "Toscana": 1.1400000000000001, "Umbria": 0.8, "Valle d'Aosta": 0.52, "Veneto": 0.9500000000000001}