{"Abruzzo": 1.6500000000000001, "Basilicata": 1.1, "Calabria": 0.65, "Campania": 1.04, "Emilia-Romagna": 1.25, "Friuli Venezia Giulia": 0.9, "Lazio": 1.31, "Liguria": 0.5700000000000001, "Lombardia": 0.99, "Marche": 1.34, "Molise": 0.5, "P.A. Bolzano": 0.87, "P.A. Trento": 0.51, "Piemonte": 1.6600000000000001, "Puglia": 0.91, "Sardegna": 0.63, "Sicilia": 1.52, "Toscana": 2.04, "Umbria": 1.52, "Valle d'Aosta": 0.66, "Veneto": 1.45}