{"Abruzzo": 0.78, "Basilicata": 0.46, "Calabria": 0.5700000000000001, "Campania": 1.41, "Emilia-Romagna": 0.58, "Friuli Venezia Giulia": 0.49, "Lazio": 0.62, "Liguria": 0.9, "Lombardia": 0.78, "Marche": 1.45, "Molise": 0.63, "P.A. Bolzano": 0.59, "P.A. Trento": 0.4, "Piemonte": 0.8300000000000001, "Puglia": 0.7000000000000001, "Sardegna": 0.66, "Sicilia": 1.48, "Toscana": 0.8, "Umbria": 0.5, "Valle d'Aosta": 1.76, "Veneto": 0.61}